date,open,high,low,close,adj_close,volume
2022-02-08,395.68,396.84,390.60,396.04,396.04,1310900
2022-02-07,392.00,395.58,388.30,392.34,392.34,1243000
2022-02-04,388.00,392.84,385.32,389.33,389.33,1645300
2022-02-03,388.18,392.17,386.39,389.70,389.70,1649000
2022-02-02,386.11,388.35,385.01,387.34,387.34,1620600
2022-02-01,390.22,390.51,386.21,387.01,387.01,1951100
2022-01-31,390.50,390.99,384.68,389.13,389.13,2363400
2022-01-28,389.10,393.33,384.78,393.15,393.15,2145100
2022-01-27,389.39,395.60,384.74,389.08,389.08,2566200
2022-01-26,388.00,393.63,383.70,391.24,391.24,3640500
2022-01-25,377.85,388.00,370.78,387.17,387.17,3182400
2022-01-24,369.55,374.54,365.34,373.33,373.33,3022300
2022-01-21,374.00,377.10,369.68,371.20,371.20,2795400
2022-01-20,377.01,381.15,374.01,375.13,375.13,2109100
2022-01-19,375.50,381.45,374.18,377.33,377.33,3336700
2022-01-18,370.45,377.36,368.86,376.54,376.54,2471600
2022-01-14,365.18,372.99,363.97,372.62,372.62,2164500
2022-01-13,362.06,367.36,360.12,365.18,365.18,1244000
2022-01-12,363.38,366.16,359.45,361.30,361.30,1477100
2022-01-11,364.01,365.04,361.27,364.14,364.14,1128000
2022-01-10,363.00,369.46,361.41,363.25,363.25,2389900
2022-01-07,359.08,362.99,358.15,360.14,360.14,1634300
2022-01-06,360.00,361.24,357.55,358.00,358.00,1368800
2022-01-05,363.00,364.00,357.87,358.14,358.14,1682200
2022-01-04,355.53,363.54,355.21,361.99,361.99,1361100
2022-01-03,354.68,356.59,353.03,354.36,354.36,1205700
2021-12-31,353.17,357.06,351.56,355.41,355.41,887200
2021-12-30,355.00,357.83,353.51,353.58,353.58,778500
2021-12-29,353.44,355.50,352.69,354.27,354.27,771700
2021-12-28,350.06,355.17,349.51,353.75,353.75,827500
2021-12-27,347.10,350.81,347.00,350.28,350.28,965900
2021-12-23,343.78,348.32,343.78,347.02,347.02,1061200
2021-12-22,341.16,344.35,341.03,343.14,343.14,1311400
2021-12-21,338.77,343.38,338.65,340.77,340.77,2352400
2021-12-20,341.00,341.19,333.42,337.42,337.42,2315400
2021-12-17,345.55,347.16,342.92,344.14,344.14,2749500
2021-12-16,345.67,347.96,343.67,344.84,344.84,1185900
2021-12-15,345.39,345.64,340.00,344.42,344.42,1208900
2021-12-14,343.75,348.40,343.75,345.64,345.64,1786000
2021-12-13,344.40,346.80,341.51,345.55,345.55,1740700
2021-12-10,345.84,347.24,344.60,344.88,344.88,1180400
2021-12-09,339.94,345.11,338.27,343.60,343.60,1591500
2021-12-08,339.71,342.38,339.02,341.08,341.08,1376900
2021-12-07,340.00,342.11,338.80,339.17,339.17,1540700
2021-12-06,337.25,342.41,337.25,339.96,339.96,1946900
2021-12-03,331.35,334.38,330.34,333.81,333.81,1603200
2021-12-02,330.00,333.91,328.33,330.53,330.53,1804100
2021-12-01,335.00,335.95,328.20,328.42,328.42,2248300
2021-11-30,337.20,338.36,333.03,333.32,333.32,2763200
2021-11-29,344.00,344.60,339.20,341.23,338.43,1492300
2021-11-26,339.29,343.23,338.08,342.72,339.91,1079900
2021-11-24,344.86,347.00,343.05,343.58,340.76,1134500
2021-11-23,344.98,348.09,344.67,345.18,342.35,1212700
2021-11-22,341.73,347.59,341.48,344.98,342.15,1229400
2021-11-19,340.88,343.00,339.35,341.44,338.64,1426500
2021-11-18,342.72,343.11,340.21,342.08,339.27,1431300
2021-11-17,339.48,343.55,339.48,341.99,339.18,1751000
2021-11-16,341.89,343.64,339.76,340.37,337.58,1307500
2021-11-15,339.55,341.65,339.43,340.92,338.12,1068600
2021-11-12,335.62,340.39,335.03,339.06,336.28,1097400
2021-11-11,337.14,337.21,333.30,335.89,333.13,1216500
2021-11-10,338.77,340.70,337.50,337.63,334.86,1268700
2021-11-09,341.38,342.00,337.10,338.17,335.40,1769200
2021-11-08,341.63,343.02,337.58,341.78,338.98,1733000
2021-11-05,336.95,340.52,336.35,339.89,337.10,2144600
2021-11-04,331.30,335.74,331.30,335.50,332.75,1847900
2021-11-03,325.50,333.10,324.23,331.35,328.63,1902600
2021-11-02,331.45,332.04,325.31,326.31,323.63,2745000
2021-11-01,330.47,334.20,330.07,330.93,328.21,1865000
2021-10-29,330.00,334.36,328.84,332.32,329.59,1818900
2021-10-28,330.00,334.86,325.14,331.39,328.67,2874600
2021-10-27,333.00,336.43,330.54,330.94,328.22,2822900
2021-10-26,348.33,351.20,326.00,331.91,329.19,9439700
2021-10-25,375.91,378.10,374.61,376.33,373.24,1350300
2021-10-22,373.93,377.02,372.25,374.60,371.53,1092000
2021-10-21,371.63,373.26,367.14,373.14,370.08,803600
2021-10-20,371.78,372.57,369.80,371.13,368.08,955200
2021-10-19,366.50,371.18,363.65,371.07,368.03,1051300
2021-10-18,364.33,367.88,361.88,365.00,362.00,1014600
2021-10-15,364.10,366.24,363.51,365.62,362.62,952700
2021-10-14,362.02,364.16,360.36,362.07,359.10,973300
2021-10-13,359.62,362.39,353.45,361.76,358.79,1102100
2021-10-12,356.98,360.38,356.01,358.12,355.18,840200
2021-10-11,354.90,359.33,354.12,357.08,354.15,996800
2021-10-08,352.08,355.16,350.80,353.75,350.85,767900
2021-10-07,350.17,354.48,350.17,351.78,348.89,1042600
2021-10-06,347.03,350.14,344.20,349.99,347.12,995700
2021-10-05,346.00,350.45,344.82,347.75,344.90,889400
2021-10-04,347.69,350.27,343.70,345.99,343.15,1127400
2021-10-01,347.31,349.68,342.77,347.80,344.95,960400
2021-09-30,351.53,352.30,344.90,345.10,342.27,1054300
2021-09-29,348.13,352.58,344.97,350.29,347.42,1547700
2021-09-28,353.36,355.31,349.92,352.15,349.26,1140100
2021-09-27,352.14,357.24,351.32,353.36,350.46,1866000
2021-09-24,348.97,352.94,347.51,349.52,346.65,1693000
2021-09-23,340.29,344.78,340.11,344.20,341.38,1366200
2021-09-22,338.14,343.20,338.02,341.73,338.93,1335900
2021-09-21,338.74,340.07,335.10,336.05,333.29,1317000
2021-09-20,338.70,340.65,335.89,338.46,335.68,1709800
2021-09-17,339.95,342.81,339.15,340.98,338.18,2108000
2021-09-16,345.48,345.94,340.75,341.50,338.70,1451400
2021-09-15,344.80,346.93,343.91,345.07,342.24,1149700
2021-09-14,348.00,348.30,342.48,344.34,341.51,1325600
2021-09-13,347.91,349.28,342.75,346.31,343.47,1489200
2021-09-10,349.44,350.08,345.82,345.88,343.04,1221600
2021-09-09,350.51,351.70,347.86,348.93,346.07,1098900
2021-09-08,350.39,353.58,349.46,351.46,348.58,1215300
2021-09-07,354.72,354.72,349.07,349.20,346.33,2033500
2021-09-03,358.05,358.27,355.63,356.00,353.08,893200
2021-09-02,356.81,358.74,355.52,358.05,355.11,2071500
2021-09-01,358.30,359.51,356.54,356.66,353.73,1116000
2021-08-31,359.40,360.85,358.10,359.80,356.85,1083900
2021-08-30,362.25,363.96,361.75,362.05,356.50,986000
2021-08-27,363.29,364.33,361.18,361.99,356.44,1203500
2021-08-26,359.10,361.98,357.24,361.62,356.08,1172400
2021-08-25,359.69,360.65,357.99,358.75,353.25,953500
2021-08-24,358.97,360.49,357.92,359.00,353.50,822600
2021-08-23,357.94,359.07,356.41,357.35,351.87,827800
2021-08-20,354.74,358.81,353.57,357.17,351.70,904300
2021-08-19,355.23,359.90,353.57,354.03,348.60,1345700
2021-08-18,359.50,360.50,356.56,356.60,351.13,961000
2021-08-17,359.05,362.53,358.67,361.60,356.06,1571000
2021-08-16,357.98,360.51,355.56,360.25,354.73,1625700
2021-08-13,360.25,361.07,357.51,357.98,352.49,1222200
2021-08-12,362.33,364.30,358.80,359.75,354.24,1005400
2021-08-11,362.45,364.35,361.00,363.30,357.73,900100
2021-08-10,360.19,363.06,360.10,362.24,356.69,842100
2021-08-09,360.70,362.42,359.78,361.04,355.51,945100
2021-08-06,362.30,363.46,360.56,362.05,356.50,704500
2021-08-05,362.44,363.02,359.88,360.78,355.25,912600
2021-08-04,364.49,365.36,359.61,361.64,356.10,1608100
2021-08-03,369.38,369.91,366.00,369.45,363.79,872900
2021-08-02,372.30,375.04,368.08,368.30,362.65,1176500
2021-07-30,372.07,373.64,370.11,371.67,365.97,798600
2021-07-29,374.85,375.86,371.35,372.60,366.89,754800
2021-07-28,376.00,376.24,370.59,372.81,367.10,775200
2021-07-27,368.25,375.55,368.25,374.73,368.99,1460600
2021-07-26,373.00,374.36,366.40,368.05,362.41,2720700
2021-07-23,381.97,382.50,380.19,380.77,374.93,795900
2021-07-22,380.75,381.55,377.83,379.93,374.11,688400
2021-07-21,379.98,384.70,379.40,380.89,375.05,922800
2021-07-20,373.01,380.64,373.00,379.98,374.16,1268000
2021-07-19,375.15,376.82,367.56,372.02,366.32,1357600
2021-07-16,378.62,379.72,375.28,377.14,371.36,890800
2021-07-15,375.12,378.65,375.00,378.25,372.45,713400
2021-07-14,377.84,378.39,375.21,376.82,371.04,698900
2021-07-13,379.00,380.69,377.54,377.84,372.05,709500
2021-07-12,381.90,383.32,376.23,379.07,373.26,1008200
2021-07-09,382.70,384.39,380.77,383.11,377.24,542900
2021-07-08,379.53,381.69,377.93,379.92,374.10,894500
2021-07-07,378.41,384.60,377.41,383.48,377.60,952900
2021-07-06,380.00,380.34,373.68,378.67,372.87,1142700
2021-07-02,381.75,383.19,378.95,381.49,375.64,778700
2021-07-01,377.31,381.12,377.22,380.22,374.39,752800
2021-06-30,374.50,379.44,373.62,378.35,372.55,1077600
2021-06-29,379.88,380.40,373.25,373.42,367.70,1223900
2021-06-28,381.67,382.73,378.82,380.07,374.24,778200
2021-06-25,376.89,383.42,376.89,382.01,376.15,1708100
2021-06-24,379.52,379.99,376.85,377.73,371.94,1032700
2021-06-23,382.21,382.51,377.26,377.33,371.55,1024000
2021-06-22,381.54,383.88,379.65,382.48,376.62,636200
2021-06-21,381.23,385.44,380.61,382.50,376.64,1186900
2021-06-18,380.17,382.10,379.00,379.19,373.38,2416200
2021-06-17,384.28,385.52,379.57,382.90,377.03,1246400
2021-06-16,390.81,391.00,383.20,383.60,377.72,1524200
2021-06-15,390.00,392.05,389.06,389.80,383.83,943900
2021-06-14,387.61,389.46,385.88,389.11,383.15,868400
2021-06-11,388.78,389.15,385.17,387.72,381.78,751000
2021-06-10,389.14,389.74,386.09,387.72,381.78,913700
2021-06-09,389.27,389.27,385.12,386.80,380.87,1046100
2021-06-08,391.51,392.66,387.07,388.53,382.57,1065000
2021-06-07,395.04,395.72,389.61,391.51,385.51,1087900
2021-06-04,388.00,395.52,387.61,394.10,388.06,1836100
2021-06-03,383.76,387.54,383.10,387.35,381.41,1649700
2021-06-02,382.01,385.50,380.63,385.09,379.19,1007600
2021-06-01,384.23,384.43,381.13,381.92,376.07,962200
2021-05-28,384.70,386.00,381.52,382.20,376.34,935500
2021-05-27,387.40,387.95,384.28,387.39,378.89,3979300
2021-05-26,385.57,386.07,382.21,384.13,375.70,999500
2021-05-25,387.90,389.50,385.18,385.85,377.39,978500
2021-05-24,389.50,389.75,385.96,387.71,379.20,931400
2021-05-21,389.30,392.19,385.56,387.22,378.73,892500
2021-05-20,386.79,389.54,386.07,388.32,379.80,1094700
2021-05-19,385.00,385.73,381.35,385.54,377.08,995000
2021-05-18,391.27,394.17,387.08,387.22,378.73,1171800
2021-05-17,389.63,392.03,388.72,391.12,382.54,979100
2021-05-14,390.17,392.10,388.59,390.78,382.21,799800
2021-05-13,381.78,390.38,380.95,387.77,379.26,1105800
2021-05-12,387.97,390.35,380.20,380.62,372.27,1633700
2021-05-11,391.03,391.68,384.41,387.82,379.31,1353200
2021-05-10,391.36,396.99,391.29,393.14,384.52,1578600
2021-05-07,387.00,392.60,385.89,390.34,381.78,1203700
2021-05-06,387.99,389.30,386.00,387.34,378.84,1079500
2021-05-05,386.34,387.48,381.71,386.37,377.89,1079300
2021-05-04,387.25,390.15,384.54,387.48,378.98,1509600
2021-05-03,379.77,386.39,379.06,385.31,376.86,1347400
2021-04-30,378.86,382.00,377.60,380.56,372.21,1103700
2021-04-29,375.00,381.98,374.84,380.35,372.01,1385600
2021-04-28,373.46,373.88,370.95,372.94,364.76,1110400
2021-04-27,371.50,374.24,370.14,373.22,365.03,1564900
2021-04-26,374.28,375.31,370.72,371.98,363.82,1518100
2021-04-23,378.59,378.59,373.32,377.29,369.01,1298000
2021-04-22,386.77,386.77,378.40,380.09,371.75,1670500
2021-04-21,387.52,390.89,384.95,387.24,378.75,1358500
2021-04-20,388.00,391.50,384.62,387.33,378.83,1370100
2021-04-19,392.00,392.39,386.62,391.73,383.14,1317600
2021-04-16,392.82,394.34,389.80,391.81,383.21,1499500
2021-04-15,388.67,392.00,387.70,390.63,382.06,1289400
2021-04-14,387.40,391.24,387.00,388.67,380.14,1078800
2021-04-13,386.56,388.20,384.34,387.11,378.62,1124300
2021-04-12,387.13,388.71,384.29,387.85,379.34,1067400
2021-04-09,386.88,390.26,383.66,386.23,377.76,1400900
2021-04-08,379.60,387.42,378.31,386.02,377.55,1863400
2021-04-07,378.74,380.40,376.07,380.19,371.85,976900
2021-04-06,376.51,380.10,376.32,378.97,370.66,1035700
2021-04-05,372.06,380.40,372.06,378.75,370.44,1489300
2021-04-01,368.99,372.99,368.34,371.02,362.88,1261600
2021-03-31,370.75,372.61,367.38,369.50,361.39,1375500
2021-03-30,373.25,374.13,368.61,370.54,362.41,1518600
2021-03-29,365.00,374.24,365.00,372.79,364.61,2245500
2021-03-26,362.31,365.25,359.75,364.71,356.71,2010500
2021-03-25,354.77,361.79,354.22,361.22,353.30,1598100
2021-03-24,354.99,362.68,354.99,356.12,348.31,1592300
2021-03-23,357.11,359.25,352.67,353.61,345.85,1474600
2021-03-22,352.00,358.37,352.00,357.66,349.81,2190900
2021-03-19,359.43,359.43,350.10,355.07,347.28,5739100
2021-03-18,353.87,359.00,352.54,358.45,350.59,2272200
2021-03-17,347.83,355.55,347.13,351.02,343.32,2083000
2021-03-16,346.51,349.00,342.30,347.13,339.52,1687700
2021-03-15,344.38,346.64,342.60,346.41,338.81,2055800
2021-03-12,339.64,343.65,338.62,340.19,332.73,2151900
2021-03-11,341.00,343.63,338.46,339.73,332.28,1673500
2021-03-10,339.41,343.19,335.69,340.84,333.36,1760100
2021-03-09,341.41,342.85,337.27,337.50,330.10,1448800
2021-03-08,343.50,346.06,338.44,341.45,333.96,1599100
2021-03-05,338.47,341.17,335.13,340.43,332.96,1451300
2021-03-04,340.48,344.35,334.15,338.25,330.83,2196700
2021-03-03,339.61,346.33,338.59,340.91,333.43,4052300
2021-03-02,333.27,340.01,332.67,338.59,331.16,2076300
2021-03-01,334.00,337.72,332.82,333.47,326.15,1654500
2021-02-26,338.00,338.76,330.00,330.25,323.01,2024000
2021-02-25,345.80,349.10,340.67,341.69,331.65,1568000
2021-02-24,347.28,350.30,344.61,346.53,336.35,2068700
2021-02-23,345.13,347.47,338.33,346.23,336.06,2400000
2021-02-22,333.80,343.56,333.21,340.47,330.47,1657200
2021-02-19,339.07,339.09,335.25,335.42,325.57,1849200
2021-02-18,336.88,339.58,335.28,337.92,327.99,1296200
2021-02-17,334.70,339.27,332.79,337.00,327.10,2010900
2021-02-16,339.25,340.00,333.82,335.03,325.19,1668400
2021-02-12,338.40,340.64,336.56,337.73,327.81,1207300
2021-02-11,340.78,344.61,338.03,339.14,329.18,1181600
2021-02-10,343.22,343.74,339.15,342.19,332.14,1728900
2021-02-09,338.54,344.51,336.57,342.34,332.28,1677500
2021-02-08,339.01,339.50,335.20,337.84,327.91,1549900
2021-02-05,339.59,341.42,336.50,337.04,327.14,1454700
2021-02-04,333.99,338.42,332.18,337.23,327.32,2174100
2021-02-03,331.68,333.40,328.30,332.39,322.62,2683100
2021-02-02,327.43,335.20,326.69,332.70,322.93,2065400
2021-02-01,324.88,325.65,319.81,324.03,314.51,1615500
2021-01-29,327.10,328.98,321.72,321.82,312.37,2101100
2021-01-28,332.14,334.68,327.18,327.93,318.30,1837800
2021-01-27,332.28,335.73,329.67,332.51,322.74,2666300
2021-01-26,339.00,343.98,330.69,330.69,320.97,3542400
2021-01-25,339.36,346.89,337.90,343.51,333.42,1976600
2021-01-22,338.74,341.84,337.21,339.88,329.89,1557600
2021-01-21,341.67,343.61,338.96,339.67,329.69,1661800
2021-01-20,342.54,343.78,339.22,341.67,331.63,1780000
2021-01-19,350.74,350.97,341.48,341.50,331.47,2017200
2021-01-15,347.09,350.50,344.28,347.27,337.07,1853100
2021-01-14,348.00,354.79,346.85,347.44,337.23,1965600
2021-01-13,341.41,347.20,339.17,345.49,335.34,1648100
2021-01-12,336.52,343.37,335.63,341.85,331.81,3002200
2021-01-11,335.00,339.00,333.32,337.68,327.76,3196400
2021-01-08,341.88,343.47,335.01,336.10,326.23,3226300
2021-01-07,344.36,347.85,341.34,342.55,332.49,2048900
2021-01-06,343.00,351.92,342.78,348.03,337.81,1897500
2021-01-05,344.64,351.19,343.30,348.79,338.54,1479100
2021-01-04,354.98,354.98,341.07,344.64,334.51,1887200
2020-12-31,353.82,356.03,352.23,354.98,344.55,1318500
2020-12-30,353.00,356.61,353.00,354.16,343.76,840800
2020-12-29,356.00,357.35,351.80,353.90,343.50,1055900
2020-12-28,353.11,357.82,351.71,354.18,343.77,1023400
2020-12-24,352.83,354.06,350.40,351.97,341.63,508800
2020-12-23,349.95,355.00,349.40,351.60,341.27,1307500
2020-12-22,349.35,350.62,347.39,347.92,337.70,1820800
2020-12-21,353.16,353.94,346.60,349.35,339.09,2128700
2020-12-18,352.04,356.79,350.01,356.03,345.57,4342000
2020-12-17,355.93,357.66,351.88,352.60,342.24,1658100
2020-12-16,357.25,357.90,353.65,354.57,344.15,1986200
2020-12-15,358.73,359.89,355.45,357.57,347.06,1521000
2020-12-14,363.50,365.62,357.44,357.66,347.15,1370500
2020-12-11,354.55,363.12,354.19,361.71,351.08,1409800
2020-12-10,359.52,364.22,355.20,355.39,344.95,1378700
2020-12-09,359.85,362.59,356.95,361.35,350.73,1522200
2020-12-08,360.98,363.17,358.84,359.23,348.68,1783600
2020-12-07,366.90,366.90,360.54,362.13,351.49,1390500
2020-12-04,363.12,367.73,362.11,366.61,355.84,1222600
2020-12-03,362.12,369.50,360.96,362.03,351.39,1758400
2020-12-02,364.99,365.99,360.01,361.36,350.74,2520000
2020-12-01,368.47,373.29,364.87,364.99,354.27,1299700
2020-11-30,370.79,372.44,363.39,365.00,354.28,1608400
2020-11-27,378.81,378.81,373.45,374.34,360.82,612300
2020-11-25,377.09,381.95,376.23,378.34,364.67,854800
2020-11-24,375.28,378.48,373.06,378.48,364.81,959000
2020-11-23,371.54,374.53,369.86,370.85,357.45,929200
2020-11-20,375.97,377.24,367.62,368.02,354.73,1117500
2020-11-19,375.00,377.75,372.17,376.46,362.86,1075400
2020-11-18,377.49,383.47,376.24,377.56,363.92,1066800
2020-11-17,375.66,380.48,375.25,375.90,362.32,1321100
2020-11-16,378.05,380.69,376.08,377.13,363.51,1306700
2020-11-13,370.57,376.00,369.23,375.14,361.59,921000
2020-11-12,367.50,370.57,365.51,367.89,354.60,856100
2020-11-11,372.87,373.33,365.68,369.28,355.94,1115200
2020-11-10,365.00,373.44,363.94,371.28,357.87,1708000
2020-11-09,379.60,381.52,363.73,363.95,350.80,1956900
2020-11-06,363.30,363.73,357.95,361.27,348.22,1401600
2020-11-05,374.55,376.50,363.77,364.70,351.53,1709300
2020-11-04,371.07,381.46,369.51,372.16,358.72,2146400
2020-11-03,357.13,366.20,356.21,363.44,350.31,1484600
2020-11-02,356.12,359.91,350.72,352.42,339.69,1707700
2020-10-30,350.64,353.73,345.65,350.13,337.48,1309800
2020-10-29,350.00,356.23,348.29,352.44,339.71,1548000
2020-10-28,356.87,360.00,350.45,350.86,338.19,1679900
2020-10-27,367.00,367.98,360.81,362.43,349.34,977400
2020-10-26,369.43,369.87,362.50,368.55,355.24,1387200
2020-10-23,371.34,376.19,369.01,374.33,360.81,1178800
2020-10-22,367.50,371.11,365.15,368.96,355.63,1255100
2020-10-21,372.21,375.00,365.00,367.14,353.88,1931200
2020-10-20,382.59,385.79,371.80,372.21,358.77,1779200
2020-10-19,387.24,389.60,381.67,383.71,369.85,1181000
2020-10-16,388.49,389.78,386.09,386.50,372.54,952100
2020-10-15,387.33,388.87,383.22,386.12,372.17,792000
2020-10-14,387.14,395.46,387.14,390.72,376.61,1090300
2020-10-13,386.14,390.56,385.12,388.95,374.90,973300
2020-10-12,386.00,390.51,383.26,388.92,374.87,807400
2020-10-09,388.41,390.10,385.29,385.93,371.99,675000
2020-10-08,383.90,389.19,382.28,388.59,374.55,694900
2020-10-07,378.60,383.84,378.56,382.94,369.11,826500
2020-10-06,386.03,386.11,376.02,376.46,362.86,954900
2020-10-05,383.24,385.89,378.86,383.96,370.09,825000
2020-10-02,376.00,383.48,374.28,380.58,366.83,1217200
2020-10-01,384.00,390.00,379.00,380.89,367.13,1103900
2020-09-30,389.47,389.76,380.51,383.28,369.44,1410300
2020-09-29,389.61,393.15,387.51,388.74,374.70,1113100
2020-09-28,390.00,396.61,389.65,390.51,376.40,980000
2020-09-25,377.45,388.40,376.45,386.70,372.73,1375400
2020-09-24,383.25,384.49,375.10,378.76,365.08,1295100
2020-09-23,389.23,394.43,381.99,383.24,369.40,1223300
2020-09-22,381.88,392.48,381.34,388.42,374.39,1286300
2020-09-21,388.50,389.87,377.23,379.61,365.90,1447400
2020-09-18,394.15,399.00,394.15,395.14,380.87,2636400
2020-09-17,392.00,398.55,389.54,395.94,381.64,959500
2020-09-16,391.11,399.60,390.93,395.58,381.29,1052200
2020-09-15,395.65,396.00,386.89,392.55,378.37,955700
2020-09-14,393.37,396.67,391.62,393.75,379.53,991000
2020-09-11,381.47,390.50,380.75,389.45,375.38,933800
2020-09-10,386.02,388.53,378.33,379.11,365.42,716000
2020-09-09,382.69,389.42,381.01,385.24,371.32,1218300
2020-09-08,383.99,385.29,378.36,380.23,366.50,1071600
2020-09-04,388.51,391.55,379.58,385.02,371.11,933600
2020-09-03,399.50,401.88,383.38,386.29,372.34,1500800
2020-09-02,385.15,398.90,384.11,398.07,383.69,1214500
2020-09-01,387.82,389.19,385.00,386.81,372.84,908400
2020-08-31,392.17,395.00,388.47,390.26,376.16,1030400
2020-08-28,395.51,396.00,391.73,395.59,378.99,728300
2020-08-27,396.84,400.09,394.88,395.02,378.44,700300
2020-08-26,393.00,397.66,390.56,395.44,378.84,908600
2020-08-25,395.72,402.38,392.40,394.84,378.27,987400
2020-08-24,390.83,395.57,389.90,395.04,378.46,1006400
2020-08-21,387.71,390.79,386.86,389.57,373.22,996000
2020-08-20,388.28,389.20,383.58,387.88,371.60,1203700
2020-08-19,390.08,391.97,388.84,390.05,373.68,717400
2020-08-18,389.17,391.91,388.34,390.26,373.88,806100
2020-08-17,393.98,395.19,387.73,388.96,372.64,864100
2020-08-14,388.64,394.20,388.02,391.42,374.99,648600
2020-08-13,390.35,394.05,387.00,389.24,372.90,1053600
2020-08-12,394.02,396.52,391.29,392.44,375.97,878500
2020-08-11,391.51,399.49,391.33,391.96,375.51,1312800
2020-08-10,386.02,391.11,385.96,389.26,372.92,856000
2020-08-07,380.01,386.66,378.76,385.62,369.44,924900
2020-08-06,381.78,383.19,378.09,379.74,363.80,698500
2020-08-05,380.00,384.87,378.27,383.50,367.41,1018500
2020-08-04,379.08,380.84,376.29,377.99,362.13,900600
2020-08-03,376.84,378.41,371.44,377.10,361.27,923100
2020-07-31,380.55,381.37,373.68,378.97,363.07,1101800
2020-07-30,382.71,385.84,380.86,381.72,365.70,983300
2020-07-29,389.56,390.47,384.63,387.30,371.05,1209600
2020-07-28,382.00,390.21,382.00,386.66,370.43,1132100
2020-07-27,384.73,385.99,380.11,382.09,366.05,1047000
2020-07-24,388.00,393.49,383.61,386.21,370.00,1305700
2020-07-23,393.77,394.15,385.71,387.62,371.35,1442800
2020-07-22,376.71,394.67,375.62,394.08,377.54,2280700
2020-07-21,377.98,378.90,370.58,375.12,359.38,1997300
2020-07-20,369.00,369.00,362.43,365.53,350.19,1444500
2020-07-17,366.30,369.00,362.85,368.50,353.03,1135500
2020-07-16,362.30,365.94,359.02,365.88,350.52,955400
2020-07-15,361.64,365.58,360.56,364.56,349.26,1617300
2020-07-14,349.13,355.92,349.00,355.66,340.73,1651900
2020-07-13,353.60,357.02,348.60,353.06,338.24,2031300
2020-07-10,342.33,349.33,341.66,349.25,334.59,1514200
2020-07-09,348.00,349.49,339.18,339.96,325.69,1823800
2020-07-08,353.50,357.30,348.63,350.23,335.53,1965100
2020-07-07,362.59,362.92,352.78,353.27,338.44,1395900
2020-07-06,366.48,367.12,360.84,362.59,347.37,1202300
2020-07-02,363.53,366.07,360.69,362.00,346.81,1396000
2020-07-01,366.34,368.29,360.31,360.42,345.29,1430100
2020-06-30,365.35,367.25,362.41,364.92,349.60,1482100
2020-06-29,360.39,367.50,359.49,367.50,352.08,1073000
2020-06-26,359.56,367.42,355.01,356.76,341.79,2008600
2020-06-25,357.86,363.31,353.33,362.82,347.59,1391600
2020-06-24,370.90,371.23,358.32,359.82,344.72,2302800
2020-06-23,378.25,378.78,371.04,371.70,356.10,1469300
2020-06-22,372.26,376.84,370.44,375.96,360.18,1370600
2020-06-19,383.34,383.59,372.00,372.20,356.58,4322200
2020-06-18,379.68,381.32,376.07,378.39,362.51,1562000
2020-06-17,382.50,386.24,376.92,382.11,366.07,1519000
2020-06-16,386.56,391.79,379.58,382.77,366.71,2038600
2020-06-15,373.28,377.15,367.55,373.28,357.61,2271300
2020-06-12,393.33,394.43,376.47,381.87,365.84,1788100
2020-06-11,392.69,397.31,383.57,383.88,367.77,1698800
2020-06-10,406.50,409.10,403.45,403.77,386.82,1188200
2020-06-09,410.53,411.94,407.00,408.56,391.41,1188400
2020-06-08,415.00,417.62,411.75,414.30,396.91,1294600
2020-06-05,410.00,416.00,406.45,410.75,393.51,1702500
2020-06-04,401.78,404.87,399.00,403.67,386.73,1261700
2020-06-03,393.65,403.60,392.59,402.63,385.73,1382200
2020-06-02,388.64,393.23,386.99,389.77,373.41,1404700
2020-06-01,388.94,394.00,387.31,388.96,372.64,1090300
2020-05-29,396.04,396.24,384.77,388.44,372.14,1733800
2020-05-28,401.46,404.26,398.16,398.44,379.42,1487900
2020-05-27,376.78,397.12,376.58,397.12,378.16,1986900
2020-05-26,376.95,376.95,370.57,372.20,354.43,1596100
2020-05-22,369.86,370.16,365.62,369.00,351.38,752600
2020-05-21,362.69,370.03,362.60,368.82,351.21,1179100
2020-05-20,372.44,374.00,362.11,362.51,345.20,1880500
2020-05-19,378.07,382.46,371.24,371.48,353.75,1087100
2020-05-18,371.21,380.49,366.02,377.54,359.52,1879700
2020-05-15,352.53,361.51,352.32,360.40,343.19,1854500
2020-05-14,360.99,361.54,352.26,356.28,339.27,1776400
2020-05-13,371.28,372.46,362.01,364.18,346.79,1287400
2020-05-12,378.00,382.44,371.03,371.11,353.39,1447700
2020-05-11,375.00,379.50,374.14,376.56,358.58,1287800
2020-05-08,378.03,381.13,376.25,378.40,360.34,1130400
2020-05-07,383.01,384.13,376.00,376.54,358.56,1462000
2020-05-06,390.89,390.89,378.41,378.58,360.51,1089800
2020-05-05,382.41,392.78,381.59,390.30,371.67,1270900
2020-05-04,382.02,382.97,374.13,380.16,362.01,1077900
2020-05-01,385.64,387.41,381.09,383.47,365.16,911600
2020-04-30,383.10,391.44,380.44,389.06,370.49,1343300
2020-04-29,388.16,393.51,379.50,387.91,369.39,1500400
2020-04-28,381.86,387.83,380.42,384.73,366.36,1313900
2020-04-27,383.91,384.04,378.00,378.57,360.50,1457400
2020-04-24,378.72,384.06,372.98,381.77,363.54,1029200
2020-04-23,382.75,384.87,376.19,376.73,358.75,1164400
2020-04-22,383.49,383.94,375.33,380.40,362.24,1188400
2020-04-21,383.01,392.54,371.01,373.44,355.61,2042000
2020-04-20,394.08,399.97,383.21,383.21,364.92,1487200
2020-04-17,387.42,402.45,384.83,401.51,382.34,1768400
2020-04-16,373.61,381.30,372.50,377.88,359.84,1568400
2020-04-15,376.75,376.75,367.36,374.38,356.51,1251500
2020-04-14,378.29,386.58,374.55,380.03,361.89,1653400
2020-04-13,370.95,373.99,365.71,369.94,352.28,1237200
2020-04-09,369.74,376.33,363.52,371.00,353.29,1629400
2020-04-08,361.37,372.65,358.59,361.41,344.16,1447700
2020-04-07,380.50,381.90,354.05,355.28,338.32,2101500
2020-04-06,361.91,369.95,361.91,367.95,350.38,2525400
2020-04-03,352.00,355.84,349.61,350.50,333.77,2113200
2020-04-02,335.25,354.00,334.55,353.96,337.06,1896200
2020-04-01,324.83,340.99,322.01,338.52,322.36,2082300
2020-03-31,344.81,346.92,336.24,338.95,322.77,2169300
2020-03-30,351.49,356.48,342.28,348.85,332.20,1756300
2020-03-27,339.99,365.09,335.01,348.38,331.75,3562800
2020-03-26,326.00,352.10,324.01,350.33,333.61,2680900
2020-03-25,300.62,329.82,293.61,319.67,304.41,2950100
2020-03-24,287.97,294.99,280.24,288.91,275.12,3088400
2020-03-23,285.00,287.06,266.11,276.80,263.59,3172100
2020-03-20,314.20,315.84,288.21,291.22,277.32,3040100
2020-03-19,333.41,334.10,311.21,314.20,299.20,2836700
2020-03-18,296.92,339.23,296.04,333.41,317.49,3589400
2020-03-17,293.00,319.47,287.15,318.83,303.61,2626200
2020-03-16,295.01,311.56,285.00,287.94,274.19,2351500
2020-03-13,327.33,329.16,303.10,328.59,312.90,3877800
2020-03-12,322.00,339.42,310.08,311.38,296.52,3892600
2020-03-11,356.57,365.89,349.79,356.93,339.89,1950800
2020-03-10,363.01,367.67,350.60,367.17,349.64,2505600
2020-03-09,359.98,369.47,351.27,352.03,335.22,3086700
2020-03-06,372.09,384.95,368.46,382.47,364.21,2161000
2020-03-05,393.92,397.85,382.22,384.70,366.33,1967200
2020-03-04,385.42,402.96,383.19,402.03,382.84,2025800
2020-03-03,384.84,396.90,376.59,377.40,359.38,2531400
2020-03-02,371.35,383.10,360.57,381.35,363.14,2859900
2020-02-28,369.86,373.82,360.34,369.87,352.21,3363800
2020-02-27,393.52,399.01,384.33,384.60,363.95,1894100
2020-02-26,400.31,410.52,399.34,400.90,379.38,1678000
2020-02-25,420.10,421.73,397.53,400.36,378.87,1600100
2020-02-24,419.65,424.20,418.10,419.35,396.84,1117800
2020-02-21,425.12,428.72,422.66,427.80,404.84,1055500
2020-02-20,433.63,434.99,424.16,425.97,403.10,1190600
2020-02-19,437.00,438.27,434.40,434.48,411.16,787200
2020-02-18,437.00,438.95,434.01,435.55,412.17,776100
2020-02-14,434.98,438.47,434.31,437.85,414.35,948600
2020-02-13,435.80,439.29,434.30,434.70,411.36,800200
2020-02-12,439.01,439.69,434.60,436.60,413.16,1419200
2020-02-11,441.36,442.53,437.47,439.85,416.24,744600
2020-02-10,439.00,441.52,437.82,439.76,416.15,870400
2020-02-07,438.14,441.21,437.29,439.17,415.59,883800
2020-02-06,435.56,439.86,434.91,438.97,415.41,833500
2020-02-05,433.32,435.92,429.02,435.19,411.83,1251800
2020-02-04,425.46,431.99,425.46,430.78,407.66,1216300
2020-02-03,429.52,430.00,422.04,423.86,401.11,1795800
2020-01-31,434.93,435.57,426.10,428.12,405.14,1650100
2020-01-30,430.34,437.00,430.34,435.90,412.50,1210200
2020-01-29,437.72,437.99,431.02,433.84,410.55,1268500
2020-01-28,434.77,438.99,426.27,437.17,413.70,2063200
2020-01-27,425.86,434.45,425.86,432.38,409.17,1737900
2020-01-24,429.90,433.52,429.69,432.50,409.28,1086700
2020-01-23,424.06,429.56,424.00,428.78,405.76,978400
2020-01-22,427.50,428.50,424.36,424.42,401.64,918700
2020-01-21,424.42,427.78,423.01,426.15,403.27,1071400
2020-01-17,426.61,427.54,424.50,425.66,402.81,1195600
2020-01-16,423.13,425.74,420.67,425.70,402.85,1085200
2020-01-15,416.42,421.48,416.14,420.95,398.35,833000
2020-01-14,417.59,418.27,415.07,416.14,393.80,967200
2020-01-13,414.94,420.96,414.66,419.02,396.53,986800
2020-01-10,415.00,415.60,412.48,413.83,391.62,987800
2020-01-09,410.49,416.00,410.00,414.93,392.66,1064300
2020-01-08,417.06,418.18,409.72,411.03,388.97,1708100
2020-01-07,411.25,416.12,408.29,414.50,392.25,1059900
2020-01-06,417.99,417.99,407.69,413.11,390.93,2477800
2020-01-03,404.02,417.17,403.00,413.74,391.53,2990100
2020-01-02,392.86,399.37,390.95,399.37,377.93,1258400
2019-12-31,391.75,391.98,387.07,389.38,368.48,775400
2019-12-30,393.65,393.76,390.87,391.90,370.86,776900
2019-12-27,393.99,394.50,391.94,393.60,372.47,728800
2019-12-26,390.90,392.45,390.48,392.30,371.24,711600
2019-12-24,392.35,392.35,389.53,390.17,369.23,516300
2019-12-23,387.66,394.69,387.59,391.90,370.86,1050400
2019-12-20,385.03,386.64,383.00,386.47,365.72,1599600
2019-12-19,380.99,384.68,380.23,383.15,362.58,766300
2019-12-18,387.40,387.64,379.66,380.57,360.14,1526000
2019-12-17,385.00,388.00,385.00,386.89,366.12,730000
2019-12-16,387.90,388.35,384.05,385.95,365.23,847500
2019-12-13,384.00,387.78,384.00,386.47,365.72,658000
2019-12-12,386.00,387.79,383.45,384.05,363.43,736100
2019-12-11,385.51,386.61,384.03,386.24,365.51,578900
2019-12-10,383.50,386.77,383.25,384.44,363.80,862100
2019-12-09,386.22,387.42,383.23,383.34,362.76,821600
2019-12-06,387.17,388.90,385.10,386.86,366.09,709600
2019-12-05,386.06,386.50,383.01,385.94,365.22,1203700
2019-12-04,383.53,387.95,382.28,384.58,363.94,1081100
2019-12-03,381.43,384.64,380.14,381.62,361.13,1384300
2019-12-02,390.71,391.53,383.44,383.62,363.03,1283400
2019-11-29,392.00,392.20,390.04,391.03,370.04,401500
2019-11-27,393.63,394.48,391.62,394.24,370.81,770300
2019-11-26,390.60,395.95,389.98,392.50,369.17,1206600
2019-11-25,391.60,393.10,387.49,389.98,366.80,801400
2019-11-22,390.19,391.39,387.82,390.74,367.51,758600
2019-11-21,390.86,392.25,389.32,390.26,367.06,1416900
2019-11-20,391.06,393.54,390.25,392.70,369.36,907700
2019-11-19,394.00,395.82,390.53,390.81,367.58,800300
2019-11-18,393.00,395.68,391.95,392.76,369.41,827700
2019-11-15,392.27,394.49,390.28,393.55,370.16,1533600
2019-11-14,387.28,392.30,387.28,390.16,366.97,915600
2019-11-13,385.94,390.52,385.09,387.69,364.64,956100
2019-11-12,381.56,387.50,381.56,386.30,363.34,910700
2019-11-11,379.51,383.41,379.31,381.38,358.71,580500
2019-11-08,377.60,382.88,377.60,381.86,359.16,783500
2019-11-07,380.34,382.74,377.91,378.75,356.24,1157200
2019-11-06,374.49,379.93,374.03,379.79,357.21,1505800
2019-11-05,374.06,375.77,371.31,373.63,351.42,1364200
2019-11-04,379.93,380.78,372.18,374.48,352.22,1117500
2019-11-01,378.11,380.95,376.94,379.17,356.63,915600
2019-10-31,377.92,380.18,375.26,376.68,354.29,911800
2019-10-30,373.22,378.99,371.47,378.64,356.13,1064900
2019-10-29,371.65,375.25,370.04,371.10,349.04,1298500
2019-10-28,371.39,375.45,370.12,371.84,349.74,1321700
2019-10-25,374.38,374.89,369.54,370.73,348.69,1173500
2019-10-24,373.76,377.46,372.00,374.74,352.46,1126900
2019-10-23,373.78,374.99,368.73,373.09,350.91,1279700
2019-10-22,363.00,377.50,363.00,373.68,351.47,2567200
2019-10-21,374.01,375.89,372.73,374.05,351.82,1160000
2019-10-18,376.72,377.71,368.00,372.48,350.34,1935600
2019-10-17,383.55,384.21,376.29,377.06,354.65,1004600
2019-10-16,382.39,384.39,380.23,382.84,360.08,851300
2019-10-15,383.69,385.70,382.07,382.75,360.00,835300
2019-10-14,382.77,385.37,381.39,382.61,359.87,622300
2019-10-11,389.79,390.73,381.25,381.47,358.79,1327000
2019-10-10,383.99,388.51,383.20,386.88,363.88,690200
2019-10-09,384.83,386.33,382.50,384.61,361.75,712000
2019-10-08,381.06,385.80,379.29,382.12,359.41,1001300
2019-10-07,385.01,386.68,382.69,383.78,360.97,850100
2019-10-04,380.21,385.24,379.49,384.95,362.07,762200
2019-10-03,378.87,381.19,374.33,380.06,357.47,849800
2019-10-02,382.74,383.06,374.07,378.16,355.68,1759000
2019-10-01,391.43,392.48,383.89,384.19,361.35,1240000
2019-09-30,388.56,393.82,388.42,390.06,366.87,1293200
2019-09-27,395.94,395.95,386.43,387.87,364.81,751800
2019-09-26,391.25,394.64,388.93,392.92,369.56,875400
2019-09-25,390.58,390.90,387.71,390.43,367.22,1336400
2019-09-24,390.00,392.99,387.21,389.17,366.04,1162400
2019-09-23,388.07,390.06,386.11,387.67,364.63,1132200
2019-09-20,394.49,395.44,388.05,388.25,365.17,2106700
2019-09-19,397.14,398.50,393.03,393.43,370.04,1044400
2019-09-18,394.78,397.23,391.55,397.04,373.44,780300
2019-09-17,392.47,399.96,388.43,393.98,370.56,975800
2019-09-16,388.90,394.60,386.89,392.66,369.32,1689900
2019-09-13,387.77,387.77,383.60,384.86,361.98,898600
2019-09-12,384.49,388.51,383.27,386.63,363.65,855100
2019-09-11,381.20,385.80,380.06,381.55,358.87,1125300
2019-09-10,377.29,381.32,370.46,381.32,358.65,1297600
2019-09-09,387.95,388.29,380.04,380.21,357.61,1146900
2019-09-06,387.28,388.45,385.81,386.56,363.58,701100
2019-09-05,390.48,393.43,384.98,385.15,362.26,941500
2019-09-04,387.31,389.70,385.90,389.08,365.95,792200
2019-09-03,380.99,385.18,379.79,384.69,361.82,891700
2019-08-30,383.25,384.74,381.51,384.11,361.28,760700
2019-08-29,384.53,385.78,380.80,384.43,359.51,1063500
2019-08-28,379.04,383.00,376.77,380.97,356.27,820500
2019-08-27,381.75,382.21,377.25,379.99,355.36,760300
2019-08-26,380.00,380.56,375.50,380.32,355.67,688100
2019-08-23,385.28,386.93,374.61,376.89,352.46,1392700
2019-08-22,383.00,386.65,380.72,385.88,360.87,742600
2019-08-21,384.00,384.28,379.29,383.00,358.17,791500
2019-08-20,380.50,384.10,379.50,381.75,357.00,920600
2019-08-19,379.75,381.68,378.52,380.47,355.81,799900
2019-08-16,376.10,378.34,373.37,377.00,352.56,821400
2019-08-15,369.15,374.57,367.17,373.46,349.25,1066900
2019-08-14,376.00,376.00,367.36,368.94,345.02,1469100
2019-08-13,377.99,381.51,375.28,377.22,352.77,1054900
2019-08-12,375.00,378.05,373.60,377.00,352.56,706100
2019-08-09,376.10,379.36,373.33,377.01,352.57,872000
2019-08-08,370.01,378.40,370.01,377.17,352.72,1185800
2019-08-07,364.02,370.93,362.02,369.30,345.36,1243000
2019-08-06,361.28,366.89,358.84,366.78,343.00,1124900
2019-08-05,356.55,361.10,353.97,358.43,335.19,1464600
2019-08-02,364.13,364.31,359.49,361.91,338.45,836300
2019-08-01,361.72,367.34,359.19,363.09,339.55,1220300
2019-07-31,365.91,368.71,359.29,362.17,338.69,1037100
2019-07-30,368.63,370.67,365.33,365.99,342.26,699400
2019-07-29,369.41,370.11,367.95,369.62,345.66,659200
2019-07-26,369.61,370.71,367.78,369.46,345.51,791300
2019-07-25,368.76,372.71,367.15,370.32,346.31,1143300
2019-07-24,358.20,368.99,358.00,368.90,344.99,1900400
2019-07-23,363.00,363.00,350.81,357.80,334.61,2343900
2019-07-22,357.44,358.47,355.56,357.63,334.45,1144700
2019-07-19,357.64,359.10,355.85,356.96,333.82,1463300
2019-07-18,358.29,358.38,352.79,356.21,333.12,1704900
2019-07-17,365.35,365.47,357.85,358.47,335.23,1867000
2019-07-16,368.00,368.42,365.16,365.35,341.67,1027100
2019-07-15,369.84,370.01,366.90,367.69,343.85,1010700
2019-07-12,369.20,369.51,366.83,369.45,345.50,1148700
2019-07-11,368.16,369.38,366.21,368.23,344.36,1358000
2019-07-10,370.00,373.37,367.84,368.16,344.29,818700
2019-07-09,367.75,370.25,366.10,369.73,345.76,651000
2019-07-08,368.54,369.92,366.78,369.18,345.25,646600
2019-07-05,369.88,370.83,366.67,369.92,345.94,716900
2019-07-03,367.94,370.47,365.35,370.38,346.37,742100
2019-07-02,361.58,367.57,361.07,367.57,343.74,1052800
2019-07-01,365.41,366.77,361.05,361.47,338.04,1003900
2019-06-28,359.48,363.75,357.67,363.54,339.97,1369600
2019-06-27,359.93,360.52,357.26,359.09,335.81,826500
2019-06-26,361.64,362.00,357.00,359.50,336.20,977700
2019-06-25,360.00,362.80,359.74,360.56,337.19,1168900
2019-06-24,360.44,362.88,359.74,359.98,336.64,1766700
2019-06-21,362.23,362.74,357.57,359.36,336.06,1544700
2019-06-20,357.77,363.33,357.71,362.80,339.28,1048800
2019-06-19,353.76,356.55,353.19,355.73,332.67,816500
2019-06-18,349.49,354.28,348.39,353.52,330.60,826400
2019-06-17,351.22,352.41,346.76,348.69,326.09,904200
2019-06-14,349.08,352.46,348.44,350.14,327.44,1059400
2019-06-13,347.58,349.71,344.40,349.08,326.45,1203900
2019-06-12,344.23,346.14,342.32,345.51,323.11,1131900
2019-06-11,352.01,352.55,340.87,344.04,321.74,1684300
2019-06-10,357.97,358.63,350.73,351.60,328.81,1356200
2019-06-07,353.45,356.15,352.40,355.23,332.20,1125800
2019-06-06,353.37,354.34,350.15,352.52,329.67,1149800
2019-06-05,349.99,352.86,348.51,352.70,329.84,1750500
2019-06-04,345.88,349.68,345.88,349.35,326.70,1573300
2019-06-03,338.08,344.78,337.90,344.57,322.23,1345100
2019-05-31,337.59,341.14,337.49,338.54,316.59,1024000
2019-05-30,340.00,343.48,339.75,341.96,317.74,859100
2019-05-29,336.78,340.36,335.28,339.34,315.30,1184400
2019-05-28,338.96,341.28,337.10,337.89,313.95,3559400
2019-05-24,340.67,341.62,337.27,338.78,314.78,1293100
2019-05-23,339.72,341.44,336.08,340.07,315.98,1461200
2019-05-22,343.29,343.29,339.88,341.30,317.12,1049300
2019-05-21,343.60,344.80,339.50,343.95,319.58,1097800
2019-05-20,337.24,344.29,337.24,342.01,317.78,1388200
2019-05-17,336.46,340.95,336.46,337.99,314.05,1268400
2019-05-16,335.92,339.65,334.85,339.39,315.35,1092100
2019-05-15,335.29,335.71,329.93,334.15,310.48,1127000
2019-05-14,336.01,340.92,334.75,336.17,312.36,1171600
2019-05-13,335.25,339.75,333.20,335.37,311.61,1504000
2019-05-10,337.41,341.62,335.27,341.35,317.17,1204900
2019-05-09,334.00,340.33,331.94,339.36,315.32,1496500
2019-05-08,330.90,336.88,330.35,334.18,310.51,1083800
2019-05-07,334.74,334.74,328.84,330.90,307.46,1176400
2019-05-06,330.50,336.53,330.17,335.72,311.94,812800
2019-05-03,333.58,335.64,331.20,334.07,310.40,806700
2019-05-02,332.01,332.70,328.24,332.55,308.99,962300
2019-05-01,334.25,337.21,331.58,331.85,308.34,1104300
2019-04-30,329.52,333.86,328.46,333.33,309.72,990000
2019-04-29,328.40,331.15,327.21,328.59,305.31,969100
2019-04-26,329.60,330.75,327.08,328.33,305.07,873200
2019-04-25,330.25,334.23,328.46,328.87,305.57,1506500
2019-04-24,333.90,335.78,327.84,330.12,306.73,2089900
2019-04-23,326.52,337.32,324.52,333.10,309.50,3425800
2019-04-22,314.25,316.26,313.27,315.26,292.93,1319000
2019-04-18,311.03,314.57,309.47,314.26,292.00,1107100
2019-04-17,311.22,312.43,309.78,310.50,288.50,1041400
2019-04-16,309.22,310.63,308.10,310.06,288.10,833900
2019-04-15,309.96,310.00,307.54,308.71,286.84,864800
2019-04-12,307.00,309.78,306.03,309.70,287.76,891800
2019-04-11,300.23,305.83,300.00,305.59,283.94,829500
2019-04-10,302.23,302.35,297.33,299.12,277.93,1226200
2019-04-09,304.36,304.58,301.19,302.68,281.24,867100
2019-04-08,301.99,305.86,300.67,305.66,284.01,1121400
2019-04-05,299.91,302.66,299.71,302.58,281.14,705200
2019-04-04,298.16,302.05,297.89,299.67,278.44,789500
2019-04-03,303.61,304.40,296.14,297.27,276.21,1178300
2019-04-02,304.87,306.78,302.87,303.10,281.63,872600
2019-04-01,302.56,306.11,301.84,304.29,282.73,1153900
2019-03-29,297.50,300.59,296.74,300.16,278.90,1212000
2019-03-28,295.03,295.94,293.65,295.60,274.66,567100
2019-03-27,295.62,297.89,292.85,293.95,273.13,835600
2019-03-26,296.09,297.60,292.69,294.92,274.03,882300
2019-03-25,294.41,295.82,292.53,294.12,273.28,779700
2019-03-22,297.65,298.40,293.88,294.01,273.18,942800
2019-03-21,295.37,300.07,295.00,299.01,277.83,1145700
2019-03-20,296.91,298.71,295.06,295.98,275.01,1321800
2019-03-19,299.48,302.14,295.44,296.60,275.59,1504000
2019-03-18,295.87,298.36,293.27,297.64,276.55,1793600
2019-03-15,298.86,299.23,293.77,296.15,275.17,4516500
2019-03-14,303.42,304.46,298.32,298.51,277.36,1178400
2019-03-13,303.06,304.56,301.12,303.45,281.95,1133400
2019-03-12,304.60,305.31,300.79,301.92,280.53,1248800
2019-03-11,299.62,304.58,298.63,304.40,282.84,1294400
2019-03-08,300.57,301.69,298.77,300.95,279.63,1054100
2019-03-07,302.90,303.20,297.42,303.01,281.54,1255500
2019-03-06,306.48,308.35,303.32,303.32,281.83,879200
2019-03-05,306.01,307.22,304.22,305.76,284.10,907600
2019-03-04,311.78,311.78,303.48,304.69,283.11,1070900
2019-03-01,311.56,311.56,306.44,309.47,287.55,1424900
2019-02-28,307.44,311.75,306.12,309.41,287.49,1839100
2019-02-27,305.02,307.94,304.11,307.58,283.75,1121300
2019-02-26,305.60,308.08,305.01,305.88,282.18,871600
2019-02-25,308.89,309.40,305.55,305.97,282.26,1088000
2019-02-22,305.91,307.36,303.90,307.13,283.33,581800
2019-02-21,307.06,307.17,303.28,304.51,280.91,1045000
2019-02-20,305.00,307.20,304.29,307.20,283.40,870600
2019-02-19,305.97,306.59,303.76,305.18,281.53,929500
2019-02-15,304.01,307.33,304.01,307.23,283.42,847700
2019-02-14,303.36,304.00,300.91,301.00,277.68,888200
2019-02-13,305.00,305.95,303.68,304.42,280.83,958500
2019-02-12,301.47,304.32,300.86,304.11,280.55,840600
2019-02-11,301.78,302.75,298.80,300.04,276.79,1077900
2019-02-08,299.22,301.63,297.00,301.50,278.14,1021600
2019-02-07,298.79,300.36,296.14,300.13,276.87,1150100
2019-02-06,299.99,302.68,299.01,299.83,276.60,1114300
2019-02-05,300.00,302.98,297.23,299.46,276.26,1454800
2019-02-04,290.90,299.06,290.11,298.77,275.62,1328900
2019-02-01,290.85,292.58,289.20,290.58,268.06,1358900
2019-01-31,290.17,292.83,287.79,289.69,267.24,1311100
2019-01-30,293.95,293.99,286.77,291.67,269.07,1781800
2019-01-29,281.11,292.86,281.00,292.05,269.42,2037300
2019-01-28,285.00,288.41,282.89,287.87,265.56,1166400
2019-01-25,288.17,289.30,286.13,287.04,264.80,1050400
2019-01-24,284.59,288.24,282.59,285.25,263.15,1017500
2019-01-23,282.11,285.73,280.50,283.51,261.54,1631000
2019-01-22,281.39,284.62,278.00,279.59,257.93,1885100
2019-01-18,281.18,285.37,279.72,282.87,260.95,2073500
2019-01-17,271.17,279.99,270.84,278.80,257.20,1242000
2019-01-16,275.40,275.69,270.63,272.39,251.28,1324900
2019-01-15,278.23,278.33,273.51,276.00,254.61,1193500
2019-01-14,276.67,279.52,274.43,277.51,256.01,1388600
2019-01-11,275.79,277.76,272.43,277.73,256.21,1157800
2019-01-10,269.62,277.68,269.50,277.50,256.00,1842500
2019-01-09,270.13,272.22,269.13,270.54,249.58,1235900
2019-01-08,271.13,271.75,267.81,269.87,248.96,1791400
2019-01-07,266.00,270.00,263.86,268.08,247.31,1465200
2019-01-04,261.92,265.49,260.34,265.04,244.50,1443800
2019-01-03,262.32,264.00,257.38,258.08,238.08,1165600
2019-01-02,258.36,265.30,256.79,264.73,244.22,1064700
2018-12-31,262.15,265.11,259.85,261.84,241.55,1184900
2018-12-28,263.01,264.83,260.14,261.26,241.02,1983800
2018-12-27,249.25,259.79,248.20,259.79,239.66,2201400
2018-12-26,246.31,251.89,241.18,251.62,232.12,1797600
2018-12-24,253.03,254.63,245.01,245.22,226.22,1515400
2018-12-21,260.78,262.64,255.30,256.55,236.67,3738600
2018-12-20,271.99,273.82,261.41,265.29,244.73,2327700
2018-12-19,279.75,283.81,271.52,273.96,252.73,1716900
2018-12-18,281.55,283.84,278.05,279.47,257.81,1707900
2018-12-17,286.20,286.79,277.84,279.23,257.59,1649100
2018-12-14,290.00,291.24,286.62,287.70,265.41,1881600
2018-12-13,293.27,295.27,291.00,292.23,269.59,1125300
2018-12-12,295.99,296.80,292.01,292.50,269.84,1121500
2018-12-11,302.68,303.25,290.33,292.15,269.51,1764500
2018-12-10,289.93,298.93,289.19,298.40,275.28,2417900
2018-12-07,285.40,290.35,285.21,285.40,263.29,1407200
2018-12-06,282.90,286.89,277.20,286.35,264.16,2793700
2018-12-04,295.72,295.72,286.03,286.73,264.51,2208100
2018-12-03,304.94,305.33,295.90,296.79,273.79,1764700
2018-11-30,300.75,303.53,297.88,300.43,277.15,3666200
2018-11-29,301.00,304.98,300.28,302.42,276.96,2788500
2018-11-28,297.85,300.53,293.94,299.94,274.69,1282700
2018-11-27,293.90,295.66,289.60,295.29,270.43,1477400
2018-11-26,297.04,298.85,292.92,295.28,270.42,1375900
2018-11-23,293.06,297.94,291.93,295.38,270.51,434300
2018-11-21,295.00,297.85,294.23,294.29,269.51,1355600
2018-11-20,291.36,295.25,288.56,293.86,269.12,1281100
2018-11-19,301.09,301.09,293.22,294.59,269.79,1558900
2018-11-16,303.84,305.25,299.87,301.24,275.88,1319500
2018-11-15,302.17,308.00,299.74,305.48,279.76,1233100
2018-11-14,308.27,309.68,303.01,303.39,277.85,1192800
2018-11-13,304.81,308.86,302.23,305.74,280.00,1121000
2018-11-12,313.20,314.23,304.60,305.12,279.43,1117800
2018-11-09,307.19,314.16,307.14,313.12,286.76,1294300
2018-11-08,310.00,311.02,306.36,308.56,282.58,879000
2018-11-07,308.06,309.96,304.16,309.82,283.73,983000
2018-11-06,304.05,308.76,304.05,306.56,280.75,1123200
2018-11-05,302.00,304.30,300.59,303.21,277.68,1650500
2018-11-02,301.04,302.75,297.75,299.28,274.08,1597200
2018-11-01,295.73,301.44,295.01,299.42,274.21,1526900
2018-10-31,294.36,299.10,293.53,293.85,269.11,1980100
2018-10-30,285.61,292.50,283.72,291.07,266.56,2870000
2018-10-29,309.50,309.50,283.21,286.67,262.53,3262900
2018-10-26,303.40,308.97,301.66,305.05,279.37,1909600
2018-10-25,313.21,316.55,305.45,306.41,280.61,2352500
2018-10-24,328.11,328.11,310.42,311.13,284.93,2396800
2018-10-23,325.23,334.77,315.59,321.35,294.29,2995700
2018-10-22,331.62,331.62,324.47,326.78,299.27,1407700
2018-10-19,327.20,330.04,326.06,328.14,300.51,1101200
2018-10-18,331.35,333.32,325.04,328.00,300.38,1323000
2018-10-17,335.72,337.19,333.32,333.40,305.33,1181700
2018-10-16,332.47,337.40,331.14,337.13,308.74,860300
2018-10-15,327.93,333.98,327.93,331.24,303.35,1003600
2018-10-12,330.59,331.47,322.60,327.62,300.04,1294000
2018-10-11,334.73,338.00,325.01,326.26,298.79,1937900
2018-10-10,346.85,347.25,336.75,336.75,308.40,1792500
2018-10-09,348.62,349.46,346.16,347.31,318.07,986100
2018-10-08,346.89,350.49,346.27,349.93,320.47,825100
2018-10-05,348.30,350.90,345.65,347.21,317.98,889000
2018-10-04,346.82,349.66,345.59,349.46,320.04,1203600
2018-10-03,350.00,351.35,347.22,347.44,318.19,1237500
2018-10-02,348.62,349.88,346.37,349.07,319.68,960500
2018-10-01,347.09,348.33,344.87,347.93,318.63,809500
2018-09-28,345.72,348.00,344.71,345.96,316.83,1827500
2018-09-27,344.16,346.79,342.41,346.05,316.91,1170000
2018-09-26,343.00,344.86,342.39,342.88,314.01,1159900
2018-09-25,338.48,345.33,337.45,343.54,314.61,1360500
2018-09-24,336.81,339.32,334.30,337.58,309.16,1176800
2018-09-21,334.07,337.91,334.07,337.66,309.23,1875700
2018-09-20,339.86,340.30,329.01,333.13,305.08,2003900
2018-09-19,343.22,345.77,336.51,339.30,310.73,1771200
2018-09-18,340.00,344.85,339.48,343.22,314.32,1149100
2018-09-17,336.50,339.68,336.00,339.34,310.77,1117300
2018-09-14,331.31,336.50,329.50,335.80,307.53,1312000
2018-09-13,326.72,331.86,326.59,331.28,303.39,1294800
2018-09-12,321.38,325.84,321.38,325.28,297.89,1326400
2018-09-11,322.04,323.85,320.30,322.23,295.10,798200
2018-09-10,328.72,329.18,322.66,322.95,295.76,1424000
2018-09-07,328.03,330.88,326.89,328.53,300.87,1292000
2018-09-06,321.56,329.54,321.30,328.91,301.22,1326600
2018-09-05,320.89,321.67,319.51,321.33,294.27,892700
2018-09-04,320.00,322.25,317.60,321.91,294.81,947400
2018-08-31,318.56,320.89,317.01,320.41,293.43,1055500
2018-08-30,324.00,326.49,320.93,321.85,292.92,1409700
2018-08-29,324.46,324.92,322.20,324.32,295.17,966000
2018-08-28,324.66,325.00,322.30,324.34,295.19,820000
2018-08-27,322.07,325.00,322.00,324.34,295.19,737500
2018-08-24,320.00,321.39,318.72,321.29,292.41,773200
2018-08-23,322.08,322.15,318.87,320.01,291.24,717700
2018-08-22,324.05,324.52,321.80,321.92,292.98,690600
2018-08-21,324.40,325.41,323.13,324.39,295.23,1167600
2018-08-20,325.26,325.97,323.81,324.22,295.08,877400
2018-08-17,325.86,327.42,324.72,325.23,296.00,1397400
2018-08-16,320.00,326.62,319.81,325.86,296.57,1195200
2018-08-15,318.37,318.91,314.44,317.70,289.14,1321400
2018-08-14,314.89,320.21,314.63,318.59,289.95,974500
2018-08-13,312.51,315.26,312.00,313.64,285.45,790300
2018-08-10,314.90,314.90,311.39,313.12,284.97,1081900
2018-08-09,314.79,316.50,312.67,315.71,287.33,1048200
2018-08-08,317.50,317.78,314.21,315.31,286.97,922600
2018-08-07,317.24,318.24,313.58,317.41,288.88,1088500
2018-08-06,318.61,318.61,313.68,316.92,288.43,1736700
2018-08-03,322.62,322.62,319.11,320.55,291.74,945400
2018-08-02,322.53,323.15,320.24,322.02,293.07,820400
2018-08-01,325.59,326.07,322.57,324.93,295.72,1392200
2018-07-31,321.38,326.43,321.38,326.10,296.79,986300
2018-07-30,324.10,325.99,319.62,320.11,291.34,1270500
2018-07-27,324.40,325.14,321.79,324.09,294.96,1009900
2018-07-26,324.83,325.87,321.17,322.94,293.91,2011800
2018-07-25,323.05,324.97,316.67,324.36,295.20,2104600
2018-07-24,325.00,329.65,313.00,322.57,293.57,3253400
2018-07-23,322.55,323.50,316.79,318.33,289.72,1585300
2018-07-20,318.35,322.85,317.44,322.55,293.56,1563900
2018-07-19,319.30,320.86,318.18,319.60,290.87,759900
2018-07-18,317.71,320.58,316.50,319.77,291.03,860400
2018-07-17,319.89,320.98,316.12,317.50,288.96,868200
2018-07-16,319.38,323.38,317.58,319.05,290.37,1303400
2018-07-13,313.68,319.50,313.52,318.37,289.75,1662500
2018-07-12,309.40,314.47,308.80,313.31,285.15,1283300
2018-07-11,307.83,309.38,305.93,306.58,279.02,896200
2018-07-10,308.11,310.91,307.21,308.83,281.07,1525500
2018-07-09,301.00,307.47,300.36,306.48,278.93,1244400
2018-07-06,298.41,301.51,296.21,299.19,272.30,1103500
2018-07-05,300.28,303.16,297.19,299.19,272.30,986300
2018-07-03,300.00,302.59,298.62,299.46,272.54,651000
2018-07-02,294.17,299.30,292.32,299.12,272.23,977900
2018-06-29,297.48,299.98,295.26,295.43,268.87,1267800
2018-06-28,295.00,296.71,291.52,295.24,268.70,1424300
2018-06-27,299.39,302.12,294.54,294.78,268.28,1523900
2018-06-26,298.81,300.43,297.08,299.08,272.20,1670800
2018-06-25,297.35,303.33,296.07,298.77,271.91,1944800
2018-06-22,301.38,301.81,298.69,299.38,272.47,1364200
2018-06-21,302.65,302.86,298.10,300.38,273.38,1517500
2018-06-20,302.37,304.97,301.23,302.86,275.64,1620800
2018-06-19,306.72,307.63,301.65,302.52,275.33,1821600
2018-06-18,307.38,310.00,306.00,309.52,281.70,1259300
2018-06-15,309.62,310.97,306.34,310.14,282.26,1786300
2018-06-14,314.54,315.80,310.01,310.59,282.67,1396200
2018-06-13,314.67,317.80,312.67,314.35,286.09,2014200
2018-06-12,319.63,320.03,311.25,315.16,286.83,1743100
2018-06-11,322.12,322.62,319.16,319.30,290.60,911100
2018-06-08,321.73,322.60,318.10,322.31,293.34,1260300
2018-06-07,320.50,322.15,318.94,321.95,293.01,1088200
2018-06-06,320.77,321.88,318.51,319.91,291.15,1083400
2018-06-05,318.11,321.24,317.49,320.02,291.25,873100
2018-06-04,317.11,319.25,316.22,318.17,289.57,857000
2018-06-01,316.92,317.80,315.47,316.63,288.17,886900
2018-05-31,319.24,320.28,314.47,314.54,286.27,1452700
2018-05-30,319.03,321.81,317.16,321.04,290.36,901400
2018-05-29,319.67,320.69,315.36,317.20,286.89,1159800
2018-05-25,326.00,327.22,319.86,320.80,290.14,1020300
2018-05-24,324.66,329.13,323.34,326.35,295.16,1211900
2018-05-23,315.83,325.53,314.13,325.32,294.23,1603400
2018-05-22,323.26,323.60,317.04,317.13,286.83,1501700
2018-05-21,322.50,324.53,321.16,324.28,293.29,1001500
2018-05-18,320.76,322.00,319.80,320.45,289.83,1013900
2018-05-17,319.00,321.50,317.40,320.42,289.80,961600
2018-05-16,320.10,321.71,318.84,319.33,288.82,915800
2018-05-15,317.75,320.35,317.00,319.77,289.21,1131200
2018-05-14,323.25,323.98,317.44,319.08,288.59,1417200
2018-05-11,324.69,325.86,322.76,324.04,293.08,844900
2018-05-10,328.48,329.02,322.95,324.49,293.48,1261600
2018-05-09,325.62,328.55,324.70,326.12,294.96,1700000
2018-05-08,317.71,325.39,317.30,324.19,293.21,2949500
2018-05-07,312.23,317.92,312.09,317.71,287.35,1816800
2018-05-04,308.11,312.70,307.26,311.44,281.68,1675500
2018-05-03,303.95,310.50,300.50,309.93,280.31,2889900
2018-05-02,307.28,313.40,305.20,305.70,276.49,2644800
2018-05-01,320.49,321.24,302.09,308.46,278.98,3880100
2018-04-30,322.35,325.46,320.20,320.84,290.18,1451100
2018-04-27,329.95,330.23,321.70,322.03,291.26,1580600
2018-04-26,330.00,334.86,324.13,330.40,298.83,1847500
2018-04-25,336.68,337.15,320.56,329.50,298.01,3030800
2018-04-24,360.02,361.99,330.64,336.49,304.34,3780500
2018-04-23,352.79,358.62,352.45,358.60,324.33,1986000
2018-04-20,354.53,355.00,351.13,351.99,318.35,1185300
2018-04-19,351.60,354.21,350.18,353.38,319.61,781700
2018-04-18,351.30,352.25,349.34,351.15,317.59,843600
2018-04-17,347.79,350.12,346.13,349.14,315.78,1061800
2018-04-16,344.87,347.74,344.55,345.70,312.67,1141300
2018-04-13,344.08,345.06,340.69,342.60,309.86,763100
2018-04-12,340.62,344.50,340.52,342.88,310.11,1091600
2018-04-11,338.51,346.25,337.98,339.44,307.00,1481100
2018-04-10,340.63,341.05,337.10,339.36,306.93,996300
2018-04-09,337.48,340.84,335.46,335.91,303.81,981200
2018-04-06,343.59,344.68,332.84,334.66,302.68,1417900
2018-04-05,344.23,346.93,340.01,346.65,313.52,1589400
2018-04-04,328.88,341.97,327.50,341.79,309.13,1449400
2018-04-03,334.97,337.03,330.68,334.71,302.73,1296500
2018-04-02,337.06,337.90,328.75,333.00,301.18,1298600
2018-03-29,336.04,341.00,335.39,337.93,305.64,1039300
2018-03-28,340.00,340.66,333.22,335.33,303.29,1422000
2018-03-27,345.30,345.94,336.60,338.85,306.47,1295100
2018-03-26,342.40,344.60,339.27,343.93,311.06,1611100
2018-03-23,327.00,344.14,326.77,336.31,304.17,2898600
2018-03-22,333.18,335.47,325.79,327.15,295.89,1536300
2018-03-21,336.26,338.73,332.49,335.47,303.41,1270500
2018-03-20,335.73,339.50,335.22,335.60,303.53,1153900
2018-03-19,330.30,336.23,330.25,335.25,303.21,1502900
2018-03-16,333.38,334.35,329.23,331.40,299.73,4718100
2018-03-15,331.94,334.43,328.78,333.23,301.39,1877200
2018-03-14,335.71,336.38,327.58,331.68,299.99,1712400
2018-03-13,334.78,335.91,332.08,333.46,301.60,1622100
2018-03-12,341.00,341.35,333.04,333.10,301.27,2283200
2018-03-09,341.78,342.56,338.08,340.49,307.95,1568600
2018-03-08,343.12,343.70,339.34,341.78,309.12,1056400
2018-03-07,336.23,343.19,334.10,342.20,309.50,1351000
2018-03-06,342.90,343.99,337.95,339.50,307.06,1307800
2018-03-05,339.83,342.78,337.62,342.36,309.64,1812400
2018-03-02,337.50,342.85,335.05,341.72,309.07,1684100
2018-03-01,352.46,353.58,337.58,339.69,307.23,2307100
2018-02-28,357.36,359.20,352.42,352.44,318.76,988400
2018-02-27,359.35,362.32,358.09,358.17,322.13,1379700
2018-02-26,360.00,361.32,357.08,358.70,322.61,1156300
2018-02-23,356.25,358.69,353.84,358.69,322.60,902500
2018-02-22,358.44,358.97,354.51,355.41,319.65,1432700
2018-02-21,359.00,362.98,357.00,357.06,321.14,1391000
2018-02-20,359.15,362.67,357.23,358.69,322.60,1102600
2018-02-16,361.00,363.00,357.84,360.53,324.26,1084800
2018-02-15,357.40,361.02,354.74,361.00,324.68,1167600
2018-02-14,348.81,355.39,348.20,354.66,318.98,1652100
2018-02-13,345.20,351.06,344.51,350.23,314.99,1279300
2018-02-12,344.54,348.47,340.10,345.81,311.02,1829200
2018-02-09,338.10,344.88,332.25,341.42,307.07,2366600
2018-02-08,350.21,350.99,334.01,334.30,300.67,2627600
2018-02-07,338.29,350.34,337.82,345.43,310.68,2052900
2018-02-06,328.71,340.01,327.23,337.59,303.63,2603000
2018-02-05,348.63,353.99,326.11,336.46,302.61,2947100
2018-02-02,355.00,358.00,351.52,352.66,317.18,1958600
2018-02-01,354.26,361.79,354.01,357.38,321.42,1579700
2018-01-31,353.28,358.52,352.45,354.85,319.15,1887200
2018-01-30,346.52,352.72,345.05,350.39,315.14,2032900
2018-01-29,350.00,354.32,342.15,351.42,316.06,2881100
2018-01-26,336.87,345.11,334.74,344.90,310.20,2057300
2018-01-25,331.04,335.19,330.21,334.72,301.04,1782900
2018-01-24,328.87,332.48,327.42,330.49,297.24,1360200
2018-01-23,329.99,331.15,328.51,328.70,295.63,1066200
2018-01-22,331.77,332.70,328.97,329.00,295.90,1463000
2018-01-19,334.24,334.89,331.78,332.00,298.60,1511800
2018-01-18,334.11,335.92,332.99,333.00,299.50,973200
2018-01-17,331.46,335.74,330.32,334.86,301.17,1009600
2018-01-16,336.35,336.67,330.00,330.11,296.90,1374900
2018-01-12,331.35,336.35,331.03,336.25,302.42,1428100
2018-01-11,331.85,332.08,330.16,331.13,297.82,1152000
2018-01-10,331.07,333.74,330.01,331.05,297.74,1504600
2018-01-09,329.00,331.83,328.42,330.51,297.26,865400
2018-01-08,328.96,330.41,327.81,328.16,295.14,1084500
2018-01-05,325.99,330.18,325.98,329.68,296.51,1241100
2018-01-04,321.19,326.90,320.99,326.72,293.85,1443000
2018-01-03,318.98,321.52,318.63,321.21,288.89,893400
2018-01-02,322.00,322.62,317.50,318.54,286.49,1189600
2017-12-29,322.22,323.15,321.02,321.05,288.75,731200
2017-12-28,319.83,322.30,319.71,322.10,289.69,721700
2017-12-27,319.67,319.67,318.07,319.44,287.30,574700
2017-12-26,318.36,319.77,317.97,318.51,286.47,516900
2017-12-22,318.30,319.24,317.60,318.03,286.03,542100
2017-12-21,319.00,319.20,317.01,317.19,285.28,868700
2017-12-20,319.84,321.26,317.65,317.72,285.75,932400
2017-12-19,322.76,323.13,319.78,319.97,287.78,931000
2017-12-18,323.59,323.94,319.00,322.76,290.29,1254400
2017-12-15,318.69,323.38,318.43,322.82,290.34,1929400
2017-12-14,318.21,319.03,316.42,317.01,285.12,867600
2017-12-13,316.66,319.83,316.30,317.79,285.82,862400
2017-12-12,316.38,316.90,314.91,315.89,284.11,1082200
2017-12-11,315.45,317.24,315.15,316.17,284.36,765800
2017-12-08,316.56,316.56,313.45,315.85,284.07,853900
2017-12-07,311.83,315.36,311.81,314.42,282.79,972300
2017-12-06,311.98,313.07,310.25,311.97,280.58,824800
2017-12-05,314.50,314.50,310.07,310.14,278.94,1171000
2017-12-04,315.94,316.52,311.61,311.78,280.41,1365900
2017-12-01,319.06,319.63,311.13,313.57,282.02,1707400
2017-11-30,319.62,320.94,318.48,319.12,287.01,2626200
2017-11-29,319.50,321.21,318.33,320.76,286.69,1190500
2017-11-28,316.78,319.43,316.17,319.01,285.13,967200
2017-11-27,316.00,316.89,315.05,316.70,283.06,657800
2017-11-24,315.09,316.23,315.02,315.82,282.27,320900
2017-11-22,316.31,316.86,314.35,314.87,281.43,685700
2017-11-21,315.24,317.62,314.61,316.94,283.28,858000
2017-11-20,310.20,315.57,310.01,314.65,281.23,901800
2017-11-17,311.59,312.43,309.50,309.70,276.80,692300
2017-11-16,311.09,312.80,311.00,312.65,279.44,635500
2017-11-15,313.10,313.78,310.54,310.64,277.64,754900
2017-11-14,312.00,314.00,310.70,313.74,280.42,605700
2017-11-13,311.00,313.28,310.31,312.95,279.71,702800
2017-11-10,310.30,311.68,309.76,311.17,278.12,630800
2017-11-09,314.85,315.06,310.28,311.08,278.04,890600
2017-11-08,313.44,315.70,313.30,315.64,282.11,729600
2017-11-07,310.08,313.37,310.08,313.29,280.01,874200
2017-11-06,309.72,311.93,308.68,310.08,277.14,717300
2017-11-03,310.92,311.85,309.04,309.99,277.06,652200
2017-11-02,306.11,310.86,306.11,310.86,277.84,868900
2017-11-01,309.05,309.66,306.23,306.60,274.03,1016100
2017-10-31,309.16,309.83,308.14,308.16,275.43,693900
2017-10-30,308.50,310.42,307.82,308.63,275.85,1157300
2017-10-27,307.95,310.38,307.75,308.00,275.29,998600
2017-10-26,313.44,314.42,303.31,307.89,275.19,1599400
2017-10-25,312.86,315.96,311.31,312.43,279.24,1658800
2017-10-24,314.69,317.00,310.61,313.15,279.89,2567800
2017-10-23,321.06,321.56,319.87,320.73,286.66,1239000
2017-10-20,317.93,320.00,316.60,320.00,286.01,933400
2017-10-19,315.57,317.07,313.02,316.84,283.19,727600
2017-10-18,318.33,318.82,314.70,315.57,282.05,1131100
2017-10-17,318.70,318.93,317.02,318.27,284.46,741600
2017-10-16,319.74,320.67,317.74,318.94,285.06,588200
2017-10-13,321.62,322.19,319.14,319.39,285.47,1095500
2017-10-12,318.35,321.56,318.28,321.15,287.04,867700
2017-10-11,317.65,318.80,317.05,318.59,284.75,706300
2017-10-10,318.32,318.32,316.22,317.71,283.96,941500
2017-10-09,316.62,318.34,315.50,317.30,283.60,880100
2017-10-06,315.00,316.46,314.28,316.46,282.85,857700
2017-10-05,312.82,315.29,312.64,314.58,281.17,950400
2017-10-04,313.28,314.10,312.46,313.02,279.77,903700
2017-10-03,311.38,314.02,311.30,312.86,279.63,803000
2017-10-02,310.79,311.38,309.27,311.33,278.26,1007800
2017-09-29,308.95,310.36,308.69,310.29,277.33,911500
2017-09-28,309.01,310.37,306.58,309.13,276.30,824200
2017-09-27,309.70,311.32,309.01,310.13,277.19,973300
2017-09-26,308.55,310.69,308.21,309.58,276.70,1025800
2017-09-25,308.48,308.97,304.71,306.85,274.26,1222400
2017-09-22,308.65,311.36,308.26,308.54,275.77,1018600
2017-09-21,308.10,308.91,307.39,308.01,275.29,875600
2017-09-20,305.36,307.96,305.24,307.90,275.20,1265000
2017-09-19,304.29,307.26,303.66,305.65,273.18,1365100
2017-09-18,302.86,304.33,302.40,303.80,271.53,1005500
2017-09-15,302.34,303.35,301.03,302.30,270.19,2025900
2017-09-14,300.20,301.39,298.40,301.34,269.33,1507600
2017-09-13,303.06,303.06,300.11,300.20,268.31,1143100
2017-09-12,304.45,304.76,302.91,303.73,271.47,640800
2017-09-11,303.70,304.59,302.21,304.48,272.14,917600
2017-09-08,301.52,303.66,301.52,302.90,270.73,1161100
2017-09-07,301.45,302.77,300.24,302.35,270.24,923400
2017-09-06,303.41,303.94,301.31,301.45,269.43,1217400
2017-09-05,304.45,304.53,301.91,302.20,270.10,1387200
2017-09-01,305.96,306.34,302.19,302.19,270.09,1188800
2017-08-31,306.86,306.86,304.97,305.39,272.95,982400
2017-08-30,306.42,307.22,305.50,306.30,273.77,1273000
2017-08-29,304.50,308.18,304.50,308.14,273.78,1277600
2017-08-28,303.73,303.85,302.51,303.61,269.76,830400
2017-08-25,303.92,304.68,302.71,302.80,269.04,571100
2017-08-24,303.51,304.05,301.25,302.60,268.86,574400
2017-08-23,304.00,304.56,302.53,302.84,269.07,697100
2017-08-22,303.51,305.48,302.97,304.80,270.82,960400
2017-08-21,300.00,302.23,297.77,301.88,268.22,962200
2017-08-18,300.87,301.26,298.82,299.20,265.84,1204700
2017-08-17,305.26,305.65,301.27,301.42,267.81,1067000
2017-08-16,305.88,306.81,305.35,305.80,271.70,1035600
2017-08-15,307.97,308.48,305.52,306.20,272.06,1020300
2017-08-14,305.45,308.06,304.26,307.58,273.29,1203000
2017-08-11,302.84,306.45,302.58,303.75,269.88,987800
2017-08-10,306.55,307.10,303.00,303.25,269.44,1339600
2017-08-09,301.20,305.54,301.00,305.22,271.19,1750600
2017-08-08,297.79,300.42,297.33,300.10,266.64,1009300
2017-08-07,297.31,297.73,296.60,297.15,264.02,769100
2017-08-04,296.27,297.00,295.04,297.00,263.89,796400
2017-08-03,294.00,295.91,292.80,295.82,262.84,983600
2017-08-02,292.73,294.84,292.15,294.70,261.84,983700
2017-08-01,293.93,294.33,291.90,292.65,260.02,1036700
2017-07-31,291.42,293.84,291.03,292.13,259.56,1139200
2017-07-28,288.07,290.77,286.58,290.41,258.03,1086200
2017-07-27,290.20,290.49,286.17,288.13,256.00,1117400
2017-07-26,290.82,290.99,288.77,289.85,257.53,882400
2017-07-25,291.48,292.07,289.72,289.83,257.52,805200
2017-07-24,289.47,291.24,289.20,290.28,257.91,768700
2017-07-21,288.30,290.07,286.86,289.12,256.88,1230100
2017-07-20,290.58,290.74,288.94,289.67,257.37,1150900
2017-07-19,287.68,291.28,287.04,290.67,258.26,1139700
2017-07-18,290.64,292.97,286.03,286.79,254.81,1811000
2017-07-17,288.50,290.06,287.61,288.49,256.32,1319300
2017-07-14,287.05,288.77,286.71,288.13,256.00,887900
2017-07-13,287.12,287.85,285.78,286.76,254.79,705100
2017-07-12,287.15,288.77,286.36,286.36,254.43,812600
2017-07-11,285.57,287.75,285.06,286.42,254.49,915600
2017-07-10,285.50,287.91,284.22,285.57,253.73,1347800
2017-07-07,281.66,286.95,281.50,285.20,253.40,1197200
2017-07-06,282.00,283.48,280.40,280.96,249.63,766000
2017-07-05,279.50,283.72,279.40,282.40,250.91,869500
2017-07-03,277.39,280.48,277.20,278.92,247.82,462800
2017-06-30,277.62,278.92,276.32,277.61,246.66,1085900
2017-06-29,279.85,279.85,274.69,276.73,245.88,905200
2017-06-28,279.08,280.92,278.37,280.02,248.80,955700
2017-06-27,279.32,280.21,277.83,277.83,246.85,740500
2017-06-26,281.17,283.20,279.49,279.70,248.51,886500
2017-06-23,280.03,281.48,280.03,280.64,249.35,1026800
2017-06-22,282.73,283.71,280.38,280.43,249.16,694000
2017-06-21,283.68,284.02,282.34,282.99,251.44,801400
2017-06-20,282.95,284.98,282.40,282.89,251.35,967600
2017-06-19,281.75,284.48,281.39,282.30,250.82,1064100
2017-06-16,282.13,282.28,280.68,281.11,249.77,1287600
2017-06-15,279.75,281.57,277.77,280.93,249.61,617700
2017-06-14,278.10,282.32,278.00,280.30,249.05,828900
2017-06-13,276.90,278.94,275.48,278.36,247.32,638500
2017-06-12,277.00,277.23,273.92,276.89,246.02,835900
2017-06-09,277.66,279.19,276.61,277.00,246.12,1021700
2017-06-08,277.38,278.69,276.67,277.62,246.67,1116400
2017-06-07,277.41,277.85,276.24,277.38,246.45,658900
2017-06-06,279.54,279.95,276.72,276.88,246.01,890800
2017-06-05,281.50,282.30,280.09,280.13,248.90,622500
2017-06-02,281.28,282.89,280.75,281.76,250.34,748500
2017-06-01,281.18,281.70,279.50,280.96,249.63,829300
2017-05-31,279.47,281.28,279.27,281.13,249.79,1506600
2017-05-30,281.83,282.84,279.73,280.09,248.86,902200
2017-05-26,282.04,284.00,281.54,283.65,250.41,854600
2017-05-25,281.00,282.33,280.56,282.06,249.00,834300
2017-05-24,278.22,280.56,278.11,280.05,247.23,871700
2017-05-23,278.00,278.62,276.10,278.36,245.74,874700
2017-05-22,280.79,280.79,276.22,277.03,244.56,1601200
2017-05-19,268.70,272.88,268.11,272.79,240.82,1254100
2017-05-18,268.54,269.00,266.01,267.32,235.99,1245900
2017-05-17,271.65,271.65,268.91,269.24,237.69,943300
2017-05-16,272.08,273.26,271.43,271.65,239.81,614100
2017-05-15,271.28,272.47,271.05,272.35,240.43,616500
2017-05-12,270.91,271.70,270.75,271.26,239.47,599700
2017-05-11,271.14,272.25,270.20,272.09,240.20,605500
2017-05-10,272.88,273.71,270.17,271.74,239.89,934500
2017-05-09,273.00,274.22,272.27,273.87,241.77,897900
2017-05-08,272.92,274.00,272.10,272.50,240.56,674800
2017-05-05,270.68,273.10,270.21,273.03,241.03,812700
2017-05-04,269.87,270.71,268.86,270.51,238.81,691100
2017-05-03,268.75,269.95,268.20,269.60,238.00,636500
2017-05-02,268.19,269.87,268.00,269.49,237.91,737100
2017-05-01,269.55,270.11,268.37,268.43,236.97,841500
2017-04-28,271.07,271.54,268.62,269.45,237.87,1004200
2017-04-27,270.84,272.77,269.94,271.14,239.36,953800
2017-04-26,270.59,272.51,269.54,270.35,238.67,1477200
2017-04-25,273.90,274.50,267.68,270.02,238.37,2963900
2017-04-24,275.54,276.64,274.31,276.21,243.84,1098800
2017-04-21,272.20,274.49,272.00,273.09,241.08,955500
2017-04-20,270.15,273.20,269.67,271.85,239.99,814600
2017-04-19,269.69,270.05,268.67,269.63,238.03,815900
2017-04-18,269.88,270.70,268.22,268.78,237.28,762800
2017-04-17,268.13,269.90,267.91,269.88,238.25,811600
2017-04-13,268.14,270.28,268.00,268.00,236.59,764000
2017-04-12,269.89,270.48,268.04,268.51,237.04,955400
2017-04-11,269.00,270.52,268.18,270.27,238.60,744400
2017-04-10,270.19,271.36,268.83,269.03,237.50,789300
2017-04-07,272.34,272.34,268.18,270.23,238.56,1020800
2017-04-06,266.87,267.79,266.32,267.11,235.81,740400
2017-04-05,269.84,270.95,266.81,266.98,235.69,949500
2017-04-04,268.54,270.05,268.25,269.56,237.97,567900
2017-04-03,267.60,269.30,267.35,268.68,237.19,799100
2017-03-31,270.47,270.47,267.60,267.60,236.24,1214400
2017-03-30,268.56,270.93,268.21,270.54,238.83,562200
2017-03-29,268.92,268.92,267.26,268.24,236.80,814100
2017-03-28,266.63,270.79,266.02,269.12,237.58,1021300
2017-03-27,265.65,267.88,264.04,267.16,235.85,994300
2017-03-24,269.83,269.98,266.73,267.42,236.08,870500
2017-03-23,269.42,271.47,268.98,269.50,237.92,803800
2017-03-22,268.83,270.28,267.91,269.42,237.84,1021200
2017-03-21,272.35,273.02,268.36,269.00,237.47,1359600
2017-03-20,272.16,274.57,271.63,272.03,240.15,1325000
2017-03-17,268.78,272.18,268.30,271.98,240.10,2127700
2017-03-16,270.68,270.68,267.13,267.94,236.54,982200
2017-03-15,268.00,269.87,267.75,269.44,237.86,748500
2017-03-14,268.93,269.15,267.38,268.00,236.59,701600
2017-03-13,268.51,269.26,268.00,269.19,237.64,819100
2017-03-10,269.90,269.90,267.27,268.66,237.17,687200
2017-03-09,268.00,269.00,267.54,268.68,237.19,729400
2017-03-08,269.00,269.05,267.31,267.72,236.34,818000
2017-03-07,267.31,269.38,267.30,269.04,237.51,884000
2017-03-06,267.43,268.48,266.80,267.72,236.34,778300
2017-03-03,267.07,268.33,266.25,267.76,236.38,771100
2017-03-02,269.00,269.00,266.22,266.99,235.70,954200
2017-03-01,269.09,270.00,267.33,268.38,236.93,1125600
2017-02-28,269.64,269.72,266.45,266.58,235.34,2049400
2017-02-27,265.00,270.00,264.20,269.36,237.79,1499700
2017-02-24,264.57,266.00,263.18,266.00,233.22,929200
2017-02-23,266.31,266.31,263.77,264.85,232.21,1008300
2017-02-22,265.00,266.02,264.21,265.92,233.15,712700
2017-02-21,264.81,266.07,264.19,265.66,232.92,957300
2017-02-17,264.71,265.43,263.50,265.35,232.65,882100
2017-02-16,263.92,265.40,262.73,265.33,232.63,858500
2017-02-15,262.00,263.76,261.07,263.46,230.99,1063800
2017-02-14,262.19,263.16,261.85,262.56,230.20,824200
2017-02-13,261.05,263.11,261.02,262.35,230.02,906700
2017-02-10,258.48,260.92,258.00,260.55,228.44,748800
2017-02-09,256.74,259.04,256.74,258.20,226.38,869300
